month,client,revenue,ebit,fte,ticket,sla_scope,sla_attain
2016-Jan-01 00:00:00,Acosta,150725,17773,0,0,0,0
2016-Jan-01 00:00:00,Alcoa - EMEA,83657.59,-1276.57,20.63,9294,11,10
2016-Jan-01 00:00:00,Alcoa - NA,338904.8,-68717.15,53.7,22560,0,0
2016-Jan-01 00:00:00,Alvarez and Marsal,80911,31023,5,2931,5,5
2016-Jan-01 00:00:00,BCG - EMEA,68875.82,-14177.55,20.43,6245,5,2
2016-Jan-01 00:00:00,BCG - NA,583970,93227,48,19423,5,5
2016-Jan-01 00:00:00,Bio-Rad - EMEA,71250.43,1168.49,23.29,14520,3,3
2016-Jan-01 00:00:00,Brown-Forman,65903,12511,8,2398,10,10
2016-Jan-01 00:00:00,CEC,192730,20908,38,17184,4,4
2016-Jan-01 00:00:00,Clariant - EMEA,195772.25,44069.59,14.8,8878,3,3
2016-Jan-01 00:00:00,CLS,88537.65,16023.8,4.48,2165,4,4
2016-Jan-01 00:00:00,CNH,264323,36975,8,3710,12,12
2016-Jan-01 00:00:00,Coca Cola,342350.47,37778.54,44.36,15530,5,4
2016-Jan-01 00:00:00,Covance - EMEA,90117.85,20362.84,8.13,4252,4,4
2016-Jan-01 00:00:00,Covance - NA,360918.31,121683.01,30,13022,0,0
2016-Jan-01 00:00:00,Duke,34629,5859,1,261,0,0
2016-Jan-01 00:00:00,E&Y - NA,904860.88,154500.33,168.95,61448,0,0
2016-Jan-01 00:00:00,Embraer,70484,-3999,9,1827,7,6
2016-Jan-01 00:00:00,Epsilon,439740,47091,29,10153,5,3
2016-Jan-01 00:00:00,Essilor - NA,52261,10722,7,1800,4,4
2016-Jan-01 00:00:00,Ferro,72867,9939,3.2,789,7,7
2016-Jan-01 00:00:00,Firmenich,299314.5,39032.16,17.19,8355,3,3
2016-Jan-01 00:00:00,Honda,50400,11864,8,5662,5,3
2016-Jan-01 00:00:00,Infineum,192445,45230,7,3431,6,6
2016-Jan-01 00:00:00,John Deere - EMEA,110606.47,15774.46,20.59,4173,25,21
2016-Jan-01 00:00:00,John Deere - NA,214580.89,42738.52,44,14085,0,0
2016-Jan-01 00:00:00,Joy,148472,39836,5.5,2579,6,6
2016-Jan-01 00:00:00,Kraft/Heinz - EMEA,177507.67,43364.18,18,10292,7,7
2016-Jan-01 00:00:00,Kraft/Heinz - NA,433212,86947,33.68,14955,7,7
2016-Jan-01 00:00:00,Linde - EMEA,108717.11,2105.83,31.71,21591,10,10
2016-Jan-01 00:00:00,Louis Vuitton,192854,34652,8,4512,7,4
2016-Jan-01 00:00:00,MasterCard,29016,11950,6.5,343,10,10
2016-Jan-01 00:00:00,Merck-Serono,41519.38,13374.48,6.44,939,2,2
2016-Jan-01 00:00:00,Novelis - EMEA,55632,11778.17,5.35,945,5,2
2016-Jan-01 00:00:00,Novelis - NA,80286.27,20813.83,11,2600,0,0
2016-Jan-01 00:00:00,Orbitz,22875.04,-2185.29,7.78,4721,3,3
2016-Jan-01 00:00:00,OSRAM,80867.87,13802.52,20.54,9381,3,2
2016-Jan-01 00:00:00,PMI - EMEA,555115.91,11493.07,38.44,21479,7,2
2016-Jan-01 00:00:00,Route One,91803,9236,14.34,6934,4,4
2016-Jan-01 00:00:00,SAPA - EMEA,92288.92,1391.12,22.15,3090,8,7
2016-Jan-01 00:00:00,Swagelok,129311,24126,8,2545,4,4
2016-Jan-01 00:00:00,TRW - EMEA,177354.47,24074.71,20.69,15326,14,14
2016-Jan-01 00:00:00,TSI,34015,15822,7.5,2246,9,9
2016-Jan-01 00:00:00,Vallourec,26960,-678,3,636,4,4
2016-Jan-01 00:00:00,Visteon,105010,32817,11,9355,3,3
2016-Feb-01 00:00:00,Acosta,133211,-6386,36,15496,10,7
2016-Feb-01 00:00:00,Alcoa - EMEA,84484.62,908.18,20.03,10084,11,11
2016-Feb-01 00:00:00,Alcoa - NA,221408.3,-12154.1,44.7,21711,0,0
2016-Feb-01 00:00:00,Alvarez and Marsal,84796,31232,6,2758,5,5
2016-Feb-01 00:00:00,BCG - EMEA,78349.95,-4917.91,20.27,6879,5,3
2016-Feb-01 00:00:00,BCG - NA,598920,124333,49,19042,4,4
2016-Feb-01 00:00:00,Bio-Rad - EMEA,319569.42,99510.72,23.39,10810,3,3
2016-Feb-01 00:00:00,Brown-Forman,60865,10089,6,2188,10,10
2016-Feb-01 00:00:00,CEC,167427,-49171,38,14520,4,4
2016-Feb-01 00:00:00,Clariant - EMEA,197751.46,39722.56,17.65,8830,3,3
2016-Feb-01 00:00:00,CLS,86524.56,20236.59,3.88,1952,4,4
2016-Feb-01 00:00:00,CNH,264323,34010,7,3809,12,12
2016-Feb-01 00:00:00,Coca Cola,297686.57,-28470.2,43.83,15053,5,3
2016-Feb-01 00:00:00,Covance - EMEA,92350.87,19857.39,8.21,3871,4,4
2016-Feb-01 00:00:00,Covance - NA,344346.9,109249,31,12965,0,0
2016-Feb-01 00:00:00,Duke,34134,7051,1,173,0,0
2016-Feb-01 00:00:00,E&Y - NA,791397.9,110895.66,116.66,58188,0,0
2016-Feb-01 00:00:00,Embraer,99870,17515,8,1842,7,4
2016-Feb-01 00:00:00,Epsilon,423240,36920,29,10081,5,2
2016-Feb-01 00:00:00,Essilor - NA,52277,11505,7,1905,4,4
2016-Feb-01 00:00:00,Ferro,77187,8291,3,917,7,6
2016-Feb-01 00:00:00,Firmenich,301721.22,13467.58,18.96,9562,2,2
2016-Feb-01 00:00:00,Honda,50456,6973,8,4260,5,4
2016-Feb-01 00:00:00,Infineum,193711,36853,7,2825,6,6
2016-Feb-01 00:00:00,John Deere - EMEA,112618.15,20867.66,22.89,4692,24,19
2016-Feb-01 00:00:00,John Deere - NA,214137.61,49212.23,43,14850,0,0
2016-Feb-01 00:00:00,Joy,160741,32039,5,2329,6,6
2016-Feb-01 00:00:00,Kraft/Heinz - EMEA,181533.56,28169.47,19.76,9907,7,7
2016-Feb-01 00:00:00,Kraft/Heinz - NA,504454,60865,24.02,14002,7,7
2016-Feb-01 00:00:00,Linde - EMEA,121920.96,1350.39,30.06,22515,10,10
2016-Feb-01 00:00:00,Louis Vuitton,182643,16374,8,3961,7,5
2016-Feb-01 00:00:00,MasterCard,29010,14080,6,324,10,10
2016-Feb-01 00:00:00,Merck-Serono,42524.77,17263.12,6.68,959,2,2
2016-Feb-01 00:00:00,Novelis - EMEA,48894,6245.87,6.04,1112,9,4
2016-Feb-01 00:00:00,Novelis - NA,79218.9,17049.62,14,6190,0,0
2016-Feb-01 00:00:00,Orbitz,23378.13,1137.16,7.4,4990,3,3
2016-Feb-01 00:00:00,OSRAM,82662.53,9328.27,21.14,8896,4,4
2016-Feb-01 00:00:00,PMI - EMEA,557824.48,-2906.97,38.62,23571,7,2
2016-Feb-01 00:00:00,Route One,86096,2385,14,7442,4,4
2016-Feb-01 00:00:00,SAPA - EMEA,99864.83,11889.68,22.35,3227,8,6
2016-Feb-01 00:00:00,Swagelok,131302,24364,8,2605,4,4
2016-Feb-01 00:00:00,TRW - EMEA,179723.02,-1127.27,20.83,14582,14,14
2016-Feb-01 00:00:00,TSI,32920,15356,7.5,1934,8,8
2016-Feb-01 00:00:00,Vallourec,27248,-434,3,923,4,4
2016-Feb-01 00:00:00,Visteon,107677,38670,10,9862,3,3
2016-Mar-01 00:00:00,Acosta,159612,11131,57,17542,12,10
2016-Mar-01 00:00:00,Alcoa - EMEA,82055.72,-6833.51,20.77,10422,11,10
2016-Mar-01 00:00:00,Alcoa - NA,249930.23,10133.35,36.9,22657,0,0
2016-Mar-01 00:00:00,Alvarez and Marsal,92558,29902,6,3364,5,5
2016-Mar-01 00:00:00,BCG - EMEA,61872.89,-17201.34,22.4,6111,5,3
2016-Mar-01 00:00:00,BCG - NA,589893,79215,46,17896,4,4
2016-Mar-01 00:00:00,Bio-Rad - EMEA,196310.86,33619.2,22.8,11498,3,3
2016-Mar-01 00:00:00,Brown-Forman,65801,4087,8,2435,10,10
2016-Mar-01 00:00:00,CEC,112483,14550,22,15740,3,3
2016-Mar-01 00:00:00,Clariant - EMEA,199795.97,24073.26,20.03,8321,3,3
2016-Mar-01 00:00:00,CLS,87165.49,14886.09,4.74,2216,4,4
2016-Mar-01 00:00:00,CNH,265689,19632,7,3916,12,12
2016-Mar-01 00:00:00,Coca Cola,339420.66,-9616.35,44.88,17238,5,4
2016-Mar-01 00:00:00,Covance - EMEA,91411.12,16891.19,9.27,4153,4,4
2016-Mar-01 00:00:00,Covance - NA,318478.67,78206.36,34,16904,0,0
2016-Mar-01 00:00:00,Duke,30579,3717,1,176,0,0
2016-Mar-01 00:00:00,E&Y - NA,800907.84,60433.5,252,67312,0,0
2016-Mar-01 00:00:00,Embraer,94496,2652,9,2227,7,6
2016-Mar-01 00:00:00,Epsilon,426333,16658,29,9785,5,3
2016-Mar-01 00:00:00,Essilor - NA,52336,4006,5,2050,4,4
2016-Mar-01 00:00:00,Ferro,75777,9877,3,853,7,6
2016-Mar-01 00:00:00,Firmenich,328077.68,46332.13,17.56,9763,3,3
2016-Mar-01 00:00:00,Honda,50406,3886,7,4534,5,2
2016-Mar-01 00:00:00,Infineum,187953,31398,6,2289,6,6
2016-Mar-01 00:00:00,John Deere - EMEA,112394.37,20347.31,22.34,5097,23,21
2016-Mar-01 00:00:00,John Deere - NA,214437.12,9420.1,46,12369,0,0
2016-Mar-01 00:00:00,Joy,149389,19165,5.5,1836,6,6
2016-Mar-01 00:00:00,Kraft/Heinz - EMEA,140926.95,14843.94,32.63,16291,5,5
2016-Mar-01 00:00:00,Kraft/Heinz - NA,567804,109435,49.25,21131,8,8
2016-Mar-01 00:00:00,Linde - EMEA,115159.15,-5426.06,31.14,23038,10,10
2016-Mar-01 00:00:00,Louis Vuitton,181180,4542,7,4012,7,5
2016-Mar-01 00:00:00,MasterCard,28949,9937,6,351,10,10
2016-Mar-01 00:00:00,Merck-Serono,44446.07,17793.93,6.11,1045,2,2
2016-Mar-01 00:00:00,Novelis - EMEA,55632,6755.07,5.73,1044,9,5
2016-Mar-01 00:00:00,Novelis - NA,80005.8,6284.79,9,5993,0,0
2016-Mar-01 00:00:00,Orbitz,23625.81,335.28,7.67,3564,3,3
2016-Mar-01 00:00:00,OSRAM,82813.85,15154.99,21.5,10926,4,4
2016-Mar-01 00:00:00,PMI - EMEA,602610.52,110820.7,37.25,23707,7,4
2016-Mar-01 00:00:00,Route One,103488,14272,14,7917,4,3
2016-Mar-01 00:00:00,SAPA - EMEA,88443.12,-31813.02,22.33,3204,8,8
2016-Mar-01 00:00:00,Swagelok,137976,26217,8,3254,4,4
2016-Mar-01 00:00:00,TRW - EMEA,189618.49,7594.95,18.12,13822,14,14
2016-Mar-01 00:00:00,TSI,33979,12741,7.5,2243,8,8
2016-Mar-01 00:00:00,Vallourec,27536,-1195,2,913,4,4
2016-Mar-01 00:00:00,Visteon,108891,30673,10,10782,3,3
2016-Apr-01 00:00:00,Acosta,158219,18247,44,17509,12,11
2016-Apr-01 00:00:00,Alcoa - EMEA,82120.7,-1088.86,21.85,11030,11,11
2016-Apr-01 00:00:00,Alcoa - NA,244975.91,-15605.39,36.8,21205,0,0
2016-Apr-01 00:00:00,Alvarez and Marsal,86719,22884,6,3364,5,5
2016-Apr-01 00:00:00,BCG - EMEA,73628.32,-1605.11,18.98,6396,5,4
2016-Apr-01 00:00:00,BCG - NA,591609,109993,53,18944,4,4
2016-Apr-01 00:00:00,Bio-Rad - EMEA,185190.97,45020.54,22.9,13027,3,3
2016-Apr-01 00:00:00,Brown-Forman,81210,11723,7,2331,10,10
2016-Apr-01 00:00:00,CEC,113167,33371,38,16536,4,4
2016-Apr-01 00:00:00,Clariant - EMEA,202820.86,38806.66,16.57,8881,3,3
2016-Apr-01 00:00:00,CLS,88094.35,18290.53,5.51,2186,4,4
2016-Apr-01 00:00:00,CNH,264573,41874,7,3547,12,12
2016-Apr-01 00:00:00,Coca Cola,299228.44,-73558.2,52.79,17551,5,4
2016-Apr-01 00:00:00,Covance - EMEA,89476.93,2229.01,8.29,3699,4,4
2016-Apr-01 00:00:00,Covance - NA,320461.34,87245.56,34,14619,0,0
2016-Apr-01 00:00:00,Duke,29058,8049,1,203,0,0
2016-Apr-01 00:00:00,E&Y - NA,668767,-46270.39,257,61467,0,0
2016-Apr-01 00:00:00,Embraer,93913,3314,8,1944,7,5
2016-Apr-01 00:00:00,Epsilon,456461,44149,29,8254,5,3
2016-Apr-01 00:00:00,Essilor - NA,52347,12130,7,2007,4,4
2016-Apr-01 00:00:00,Ferro,75614,7597,5,1141,7,7
2016-Apr-01 00:00:00,Firmenich,296270.83,33414.27,20.01,8232,3,3
2016-Apr-01 00:00:00,Honda,50666,9546,7,4252,5,3
2016-Apr-01 00:00:00,Infineum,177721,42205,6,2485,5,5
2016-Apr-01 00:00:00,John Deere - EMEA,114296.93,12629.13,22.24,7720,24,22
2016-Apr-01 00:00:00,John Deere - NA,230567.11,53819.37,49,13724,0,0
2016-Apr-01 00:00:00,Joy,164127,39836,4.5,3054,6,6
2016-Apr-01 00:00:00,Kraft/Heinz - EMEA,145524.76,23875.02,33.59,18948,5,5
2016-Apr-01 00:00:00,Kraft/Heinz - NA,549734,117906,49.98,21280,8,8
2016-Apr-01 00:00:00,Linde - EMEA,108433.86,-673.51,30.34,23053,10,10
2016-Apr-01 00:00:00,Louis Vuitton,180577,16488,10,4000,7,4
2016-Apr-01 00:00:00,MasterCard,29055,10914,7,326,10,10
2016-Apr-01 00:00:00,Merck-Serono,44057.66,17923.73,5.44,947,2,2
2016-Apr-01 00:00:00,Novelis - EMEA,55632,5091.51,5.3,1181,10,6
2016-Apr-01 00:00:00,Novelis - NA,80306.73,17565.24,13,4744,0,0
2016-Apr-01 00:00:00,Orbitz,24080.64,-397.04,8.65,3624,3,3
2016-Apr-01 00:00:00,OSRAM,84396.67,10650.51,22.59273496,11755,4,4
2016-Apr-01 00:00:00,PMI - EMEA,595347.39,-32673.38,33.71,24034,7,3
2016-Apr-01 00:00:00,Route One,97972,12758,17,7798,4,4
2016-Apr-01 00:00:00,SAPA - EMEA,98633.09,3164.56,20.35,3058,8,8
2016-Apr-01 00:00:00,Swagelok,132151,28628,9,2688,4,4
2016-Apr-01 00:00:00,TRW - EMEA,192053.84,5291.38,20.05,13998,14,14
2016-Apr-01 00:00:00,TSI,34039,14398,7,2069,8,8
2016-Apr-01 00:00:00,Vallourec,27248,-1021,2,916,4,4
2016-Apr-01 00:00:00,Visteon,105199,27729,10,9492,3,3
2016-May-01 00:00:00,Acosta,160881,34921,41,14056,12,12
2016-May-01 00:00:00,Alcoa - EMEA,84238.77,-7507.81,20.94,13071,10,10
2016-May-01 00:00:00,Alcoa - NA,348829.62,37320.46,50.47,27473,0,0
2016-May-01 00:00:00,Alvarez and Marsal,86666,17703,6,2520,5,5
2016-May-01 00:00:00,BCG - EMEA,76319.79,-1731.84,17.05,6791,3,3
2016-May-01 00:00:00,BCG - NA,623738,120265,42,19964,5,5
2016-May-01 00:00:00,Bio-Rad - EMEA,181354.29,33728.17,22.12,13043,3,3
2016-May-01 00:00:00,Brown-Forman,75079,9135,8,2359,10,10
2016-May-01 00:00:00,CEC,112667,33728,23,15252,4,4
2016-May-01 00:00:00,Clariant - EMEA,205857.95,25473.18,18.38,7818,3,3
2016-May-01 00:00:00,CLS,90023.15,21142.14,5.08,2052,4,4
2016-May-01 00:00:00,CNH,264323,38444,7,3995,12,12
2016-May-01 00:00:00,Coca Cola,303179.04,-85701.29,52.52,16473,5,4
2016-May-01 00:00:00,Covance - EMEA,91202.38,27509.47,8.82,2866,4,4
2016-May-01 00:00:00,Covance - NA,316256.05,93195.62,32,13179,0,0
2016-May-01 00:00:00,Duke,36290,7992,1,199,0,0
2016-May-01 00:00:00,E&Y - NA,706190.48,32632.02,213,53833,0,0
2016-May-01 00:00:00,Embraer,88303,5139,8,2152,7,7
2016-May-01 00:00:00,Epsilon,487962,44531,29,9099,5,4
2016-May-01 00:00:00,Essilor - NA,52645,9584,6,1958,4,4
2016-May-01 00:00:00,Ferro,73972,10319,4,784,7,7
2016-May-01 00:00:00,Firmenich,295961.01,14273.2,17.74,7767,3,3
2016-May-01 00:00:00,Honda,51897,9137,8,4138,5,3
2016-May-01 00:00:00,Infineum,166735,24801,7,2546,6,6
2016-May-01 00:00:00,John Deere - EMEA,109664.45,22294.76,16.12,7039,13,13
2016-May-01 00:00:00,John Deere - NA,198143.86,3283.03,42,13707,0,0
2016-May-01 00:00:00,Joy,119935,6632,5,509,6,6
2016-May-01 00:00:00,Kraft/Heinz - EMEA,149556.18,101810.12,29.9,17797,5,5
2016-May-01 00:00:00,Kraft/Heinz - NA,494027,149649,46.52,21780,8,8
2016-May-01 00:00:00,Linde - EMEA,120933.82,14470.16,30.26,22352,8,8
2016-May-01 00:00:00,Louis Vuitton,190255,22074,11,3998,7,6
2016-May-01 00:00:00,MasterCard,28937,11028,7,264,10,10
2016-May-01 00:00:00,Merck-Serono,43588.9,17181.9,4.74,1133,6,6
2016-May-01 00:00:00,Novelis - EMEA,55632,4505.9,5.68,1214,10,5
2016-May-01 00:00:00,Novelis - NA,80266.77,19264.7,13,5162,0,0
2016-May-01 00:00:00,Orbitz,23793.45,1573.68,7.62,2550,3,3
2016-May-01 00:00:00,OSRAM,84114.64,16123.43,20,9666,4,4
2016-May-01 00:00:00,PMI - EMEA,578244.77,17720.63,36.1,24207,7,4
2016-May-01 00:00:00,Route One,93080,4583,14,7149,4,4
2016-May-01 00:00:00,SAPA - EMEA,90177.63,-10194.04,19.94,3203,8,8
2016-May-01 00:00:00,Swagelok,132196,27425,9,2461,4,4
2016-May-01 00:00:00,TRW - EMEA,189587.76,-1045.38,16.16,13440,14,13
2016-May-01 00:00:00,TSI,34030,13298,7.5,2129,8,8
2016-May-01 00:00:00,Vallourec,29960,-6061,3,865,4,4
2016-May-01 00:00:00,Visteon,150397,77736,11,11462,3,3
2016-Jun-01 00:00:00,Acosta,145825,28433,37,13557,11,11
2016-Jun-01 00:00:00,Alcoa - EMEA,83918.37,-12317.2,20.59,12592,9,9
2016-Jun-01 00:00:00,Alcoa - NA,425067.49,82965.04,47.9,26846,0,0
2016-Jun-01 00:00:00,Alvarez and Marsal,92572,32660,8,3136,6,6
2016-Jun-01 00:00:00,BCG - EMEA,82765.61,6000.73,17.83,7336,2,2
2016-Jun-01 00:00:00,BCG - NA,641457,153877,43.55,20650,5,5
2016-Jun-01 00:00:00,Bio-Rad - EMEA,207577.72,39906.33,23.3,13006,3,3
2016-Jun-01 00:00:00,Brown-Forman,78618,15144,8,2376,10,10
2016-Jun-01 00:00:00,CEC,112669,31860,33,15236,4,4
2016-Jun-01 00:00:00,Clariant - EMEA,205827.28,9605.8,17.44,9045,3,3
2016-Jun-01 00:00:00,CLS,88206.45,16895.15,6,2265,4,4
2016-Jun-01 00:00:00,CNH,233279,17175,7,3733,12,12
2016-Jun-01 00:00:00,Coca Cola,455598.03,43659.29,51.12,20492,5,4
2016-Jun-01 00:00:00,Covance - EMEA,89923.2,11819.82,8.05,2829,4,4
2016-Jun-01 00:00:00,Covance - NA,315015.64,97473.81,32,16580,0,0
2016-Jun-01 00:00:00,Duke,33757,6304,1,259,0,0
2016-Jun-01 00:00:00,E&Y - NA,746824.94,72298.57,159,55490,0,0
2016-Jun-01 00:00:00,Embraer,90022,3443,7,2242,7,5
2016-Jun-01 00:00:00,Epsilon,541851,70254,29,12196,5,4
2016-Jun-01 00:00:00,Essilor - NA,52626,11496,7,1775,4,4
2016-Jun-01 00:00:00,Ferro,70510,12575,3,720,7,7
2016-Jun-01 00:00:00,Firmenich,340883.74,58704.53,17.58,9064,3,3
2016-Jun-01 00:00:00,Honda,51884,11392,7,4244,5,4
2016-Jun-01 00:00:00,Infineum,170745,33216,12,2546,6,6
2016-Jun-01 00:00:00,John Deere - EMEA,109125.68,29583.54,12.04,6110,12,9
2016-Jun-01 00:00:00,John Deere - NA,199131.48,9509.37,54,12968,0,0
2016-Jun-01 00:00:00,Kraft/Heinz - EMEA,174462.63,137629.88,27.51,17977,6,4
2016-Jun-01 00:00:00,Linde - EMEA,114363.52,10831.8,28.3,21913,8,6
2016-Jun-01 00:00:00,Louis Vuitton,204775,24595,10,4000,7,6
2016-Jun-01 00:00:00,MasterCard,28998,11686,6,404,10,10
2016-Jun-01 00:00:00,Merck-Serono,43414.99,16528.77,5.28,1321,6,6
2016-Jun-01 00:00:00,Novelis - EMEA,55632,5779.45,5.77,1311,10,8
2016-Jun-01 00:00:00,Novelis - NA,79752.87,18540.91,12,4107,0,0
2016-Jun-01 00:00:00,Orbitz,23839.11,3582.57,6.12,2711,2,2
2016-Jun-01 00:00:00,OSRAM,87687.74,16441.02,20.65,12755,4,4
2016-Jun-01 00:00:00,PMI - EMEA,581776.47,-60019.41,36.31,26784,7,4
2016-Jun-01 00:00:00,Route One,94810,8967,14,7543,4,4
2016-Jun-01 00:00:00,SAPA - EMEA,86271.37,39426.94,19.46,3963,8,8
2016-Jun-01 00:00:00,Sulzer,131658.14,50696.5,14.51,4101,4,4
2016-Jun-01 00:00:00,Swagelok,140828,28336,8,2661,4,4
2016-Jun-01 00:00:00,TRW - EMEA,183983.95,768.71,17.78,13734,14,14
2016-Jun-01 00:00:00,TSI,34032,13216,7.5,2137,8,8
2016-Jun-01 00:00:00,Vallourec,27248,-3858,2,812,4,4
2016-Jun-01 00:00:00,Visteon,112157,44397,11,11006,3,3
2016-Jul-01 00:00:00,Acosta,144151,25248,34,14018,9,3
2016-Jul-01 00:00:00,Alcoa - EMEA,91116.43,10266.52,21.11,11460,9,9
2016-Jul-01 00:00:00,Alcoa - NA,399621.24,37922.8,45,24552,0,0
2016-Jul-01 00:00:00,Alvarez and Marsal,117370,36738,11,2812,5,5
2016-Jul-01 00:00:00,BCG - EMEA,78084.79,52834.68,16.41,6965,0,0
2016-Jul-01 00:00:00,BCG - NA,634697,154652,36.98,19160,5,5
2016-Jul-01 00:00:00,Bio-Rad - EMEA,217376.07,43577.99,22.56,14144,3,3
2016-Jul-01 00:00:00,Brown-Forman,76544,10736,7,2003,10,10
2016-Jul-01 00:00:00,CEC,112682,35778,32,15126,4,4
2016-Jul-01 00:00:00,Clariant - EMEA,128808.66,-30178.9,18.55,8165,3,3
2016-Jul-01 00:00:00,CLS,81644.03,19612.86,5.88,1926,4,4
2016-Jul-01 00:00:00,CNH,249309,34876,6,3716,12,12
2016-Jul-01 00:00:00,Coca Cola,292837.47,-61819.73,49.37,16300,5,4
2016-Jul-01 00:00:00,Covance - EMEA,72450.68,4369.28,8.58,2451,4,4
2016-Jul-01 00:00:00,Covance - NA,290340.6,81039.82,28,10848,0,0
2016-Jul-01 00:00:00,Duke,32806,8992,1,242,0,0
2016-Jul-01 00:00:00,E&Y - NA,743489.69,53560.54,157,58242,0,0
2016-Jul-01 00:00:00,Embraer,100966,11707,8,1896,7,4
2016-Jul-01 00:00:00,Epsilon,519373,78715,30,11173,0,0
2016-Jul-01 00:00:00,Ferro,68488,17013,3,781,7,7
2016-Jul-01 00:00:00,Firmenich,319761.5,48104.09,17.05,8502,3,3
2016-Jul-01 00:00:00,Honda,51789,13274,7,3372,5,5
2016-Jul-01 00:00:00,Infineum,182498,64319,13,2160,5,4
2016-Jul-01 00:00:00,John Deere - EMEA,105931.37,10710.68,13.31,7392,11,9
2016-Jul-01 00:00:00,John Deere - NA,200965.94,27079.23,53,13633,0,0
2016-Jul-01 00:00:00,Kraft/Heinz - EMEA,76414.45,49669.42,27.65,17624,6,4
2016-Jul-01 00:00:00,Linde - EMEA,116048.48,11842.06,27.45,21603,8,6
2016-Jul-01 00:00:00,Louis Vuitton,204215,21277,9,3802,7,6
2016-Jul-01 00:00:00,MasterCard,28961,11853,6,209,10,10
2016-Jul-01 00:00:00,Merck-Serono,36677.98,12945.84,4.72,825,6,6
2016-Jul-01 00:00:00,Novelis - EMEA,55632,2947.49,5.41,1257,3,3
2016-Jul-01 00:00:00,Novelis - NA,78171.48,10012.35,14,3836,0,0
2016-Jul-01 00:00:00,Orbitz,23301.3,4947.64,5.51,2034,2,0
2016-Jul-01 00:00:00,OSRAM,96524.41,18129.96,18.01,12909,3,3
2016-Jul-01 00:00:00,PMI - EMEA,561666.1,1686.63,34.32,24634,7,4
2016-Jul-01 00:00:00,Route One,90801,9319,13,6747,4,3
2016-Jul-01 00:00:00,SAPA - EMEA,83260.97,-1603.93,17.9,3588,8,8
2016-Jul-01 00:00:00,Sulzer,98464.43,578.18,14.58,3546,6,6
2016-Jul-01 00:00:00,Swagelok,140783,29604,8,2201,4,4
2016-Jul-01 00:00:00,TRW - EMEA,186937.9,-4078.77,20.08,12718,14,14
2016-Jul-01 00:00:00,TSI,32911,12084,7,1963,14,14
2016-Jul-01 00:00:00,Vallourec,25952,-2278,2,789,4,4
2016-Jul-01 00:00:00,Visteon,107149,39464,10,8933,3,3
2016-Aug-01 00:00:00,Acosta,144014,26096,0,0,0,0
2016-Aug-01 00:00:00,Alcoa - EMEA,87913.9,-2983.24,20.55,11996,10,10
2016-Aug-01 00:00:00,Alcoa - NA,400585.2,61529.78,31.39,22661,0,0
2016-Aug-01 00:00:00,Alvarez and Marsal,111234,24384,14,3276,5,5
2016-Aug-01 00:00:00,BCG - EMEA,78675.71,9737.67,15.82,7386,1,0
2016-Aug-01 00:00:00,BCG - NA,616470,132556,44,20250,5,5
2016-Aug-01 00:00:00,Bio-Rad - EMEA,196999.92,9274.24,24.94,15611,3,3
2016-Aug-01 00:00:00,Brown-Forman,83326,16392,9,2439,10,10
2016-Aug-01 00:00:00,CEC,112606,29999,26,17462,4,4
2016-Aug-01 00:00:00,Clariant - EMEA,131983.2,12579.41,15.66,8385,3,3
2016-Aug-01 00:00:00,CLS,81519.74,18118.61,4.7,1952,4,4
2016-Aug-01 00:00:00,CNH,249309,25471,7,3850,12,12
2016-Aug-01 00:00:00,Coca Cola,296627.22,-70707.03,43.22,14062,5,4
2016-Aug-01 00:00:00,Covance - EMEA,70641.88,-3162.18,8.49,2652,4,4
2016-Aug-01 00:00:00,Covance - NA,306615.24,88513.13,32,11246,0,0
2016-Aug-01 00:00:00,Duke,36073,7438,1,205,0,0
2016-Aug-01 00:00:00,E&Y - NA,680901.36,50567.34,122,54000,0,0
2016-Aug-01 00:00:00,Embraer,132971,30601,9,2253,7,7
2016-Aug-01 00:00:00,Epsilon,509440,73751,19,7490,5,5
2016-Aug-01 00:00:00,Ferro,74041,11305,3,819,7,7
2016-Aug-01 00:00:00,Firmenich,324709.82,56207.45,14.36,8503,3,2
2016-Aug-01 00:00:00,Honda,51808,7197,8,4354,5,5
2016-Aug-01 00:00:00,Infineum,159816,42638,12,1963,5,5
2016-Aug-01 00:00:00,John Deere - EMEA,109663.41,13715.05,13,5232,13,13
2016-Aug-01 00:00:00,John Deere - NA,183908.22,12997.68,48,11868,0,0
2016-Aug-01 00:00:00,Kraft/Heinz - EMEA,89340.64,59278.49,29.84,19089,5,5
2016-Aug-01 00:00:00,Kraft/Heinz - NA,438310,127333,42.03,22617,8,5
2016-Aug-01 00:00:00,Linde - EMEA,111567.33,320.33,26.25,21741,8,8
2016-Aug-01 00:00:00,Louis Vuitton,212679,18092,12,4795,7,4
2016-Aug-01 00:00:00,MasterCard,28954,11921,6,219,10,10
2016-Aug-01 00:00:00,Merck-Serono,37000.54,11875.21,4.56,910,6,6
2016-Aug-01 00:00:00,Novelis - EMEA,55632,5409.94,5.76,1580,7,5
2016-Aug-01 00:00:00,Novelis - NA,79095.09,17484.83,14,4918,0,0
2016-Aug-01 00:00:00,Orbitz,23819.2,4724.07,5.54,1848,2,1
2016-Aug-01 00:00:00,OSRAM,115357.57,25916.44,16.8,14347,3,3
2016-Aug-01 00:00:00,PMI - EMEA,567559.21,-57021.38,33.59,24601,7,5
2016-Aug-01 00:00:00,Route One,102318,8113,12,7447,4,4
2016-Aug-01 00:00:00,SAPA - EMEA,78414.66,3005.27,15.39,3390,8,8
2016-Aug-01 00:00:00,Sulzer,100615.6,15116.67,14.15,4098,6,6
2016-Aug-01 00:00:00,Swagelok,141805,29225,8,2724,4,4
2016-Aug-01 00:00:00,TRW - EMEA,192441.79,2842.82,19.24,14160,14,14
2016-Aug-01 00:00:00,TSI,33989,11319,7,2180,5,5
2016-Aug-01 00:00:00,Vallourec,27824,-1566,2,753,5,5
2016-Aug-01 00:00:00,Visteon,112987,32421,11,8841,3,3
2016-Sep-01 00:00:00,Acosta,148033,37880,0,0,0,0
2016-Sep-01 00:00:00,Alcoa - EMEA,88569.51,5040.97,20.16,14653,8,8
2016-Sep-01 00:00:00,Alcoa - NA,485382.46,156000.41,37,9953,0,0
2016-Sep-01 00:00:00,Alvarez and Marsal,96384,19468,10,2682,5,5
2016-Sep-01 00:00:00,BCG - EMEA,83091.6,15891.64,16.12,7515,1,1
2016-Sep-01 00:00:00,BCG - NA,621422,130821,37.9,22361,1,1
2016-Sep-01 00:00:00,Bio-Rad - EMEA,221218.84,-3193.95,25.94,16052,3,3
2016-Sep-01 00:00:00,Brown-Forman,75387,16166,8,2455,10,10
2016-Sep-01 00:00:00,CEC,112721,32225,26,15062,4,4
2016-Sep-01 00:00:00,Clariant - EMEA,133837.3,21054.43,18.43,8502,3,3
2016-Sep-01 00:00:00,CLS,81614.86,18812.47,4.38,2011,4,4
2016-Sep-01 00:00:00,CNH,249309,17054,7,3735,12,12
2016-Sep-01 00:00:00,Coca Cola,375477.31,24053.66,42.12,18515,5,4
2016-Sep-01 00:00:00,Covance - EMEA,66446.26,12620.2,8.4,2810,4,4
2016-Sep-01 00:00:00,Covance - NA,309231.48,88775.47,31,10244,0,0
2016-Sep-01 00:00:00,Duke,37325,8191,1,268,0,0
2016-Sep-01 00:00:00,E&Y - NA,1169159.82,333054.57,140,55048,0,0
2016-Sep-01 00:00:00,Embraer,77070,-16809,8,1791,7,6
2016-Sep-01 00:00:00,Epsilon,479091,73673,20,8041,5,2
2016-Sep-01 00:00:00,Ferro,76526,10754,3,893,7,6
2016-Sep-01 00:00:00,Firmenich,320391.26,32166.52,13.47,7743,3,2
2016-Sep-01 00:00:00,Honda,51824,9424,7,3002,5,3
2016-Sep-01 00:00:00,Infineum,141902,33632,11,2021,5,5
2016-Sep-01 00:00:00,John Deere - EMEA,111162.96,17618.16,11.85,6528,13,8
2016-Sep-01 00:00:00,John Deere - NA,196633.87,26616.49,47,13575,0,0
2016-Sep-01 00:00:00,Kraft/Heinz - EMEA,104077.62,59429.56,28.52,17004,6,6
2016-Sep-01 00:00:00,Linde - EMEA,141162.44,27641.77,27.45,20936,8,8
2016-Sep-01 00:00:00,Louis Vuitton,226710,21027,14,4500,7,4
2016-Sep-01 00:00:00,MasterCard,28930,12254,5,192,10,10
2016-Sep-01 00:00:00,Merck-Serono,36998.22,12898.95,5.16,703,6,6
2016-Sep-01 00:00:00,Novelis - EMEA,55632,1489.27,5.78,1106,9,9
2016-Sep-01 00:00:00,Novelis - NA,78714.78,9659.55,14,4299,0,0
2016-Sep-01 00:00:00,Orbitz,23641.65,7157.27,5.9,1709,3,1
2016-Sep-01 00:00:00,OSRAM,121844.95,18570.27,17.69,12390,4,3
2016-Sep-01 00:00:00,PMI - EMEA,627686.24,27027.18,37.53,27725,7,6
2016-Sep-01 00:00:00,Route One,98968,19562,13,7466,4,4
2016-Sep-01 00:00:00,SAPA - EMEA,78389.81,14852.66,17.04,4240,8,8
2016-Sep-01 00:00:00,Sulzer,105304.85,12748.47,13.98,4271,6,6
2016-Sep-01 00:00:00,Swagelok,139076,34166,8,2204,4,4
2016-Sep-01 00:00:00,TRW - EMEA,186901.08,-6321.51,20.32,14646,14,14
2016-Sep-01 00:00:00,TSI,34068,12917,7,2124,5,5
2016-Sep-01 00:00:00,Vallourec,27248,-3300,2,1020,5,5
2016-Sep-01 00:00:00,Visteon,126655,43277,10,8853,3,3
2016-Oct-01 00:00:00,Acosta,151196,41813,0,0,0,0
2016-Oct-01 00:00:00,Alcoa - EMEA,87312.3,-5380.65,21.81,12101,9,9
2016-Oct-01 00:00:00,Alcoa - NA,304920.76,44125.65,38.81,11543,0,0
2016-Oct-01 00:00:00,Alvarez and Marsal,100700,37527,12,2500,5,5
2016-Oct-01 00:00:00,BCG - EMEA,80013.54,18581.71,16.96,7656,1,1
2016-Oct-01 00:00:00,BCG - NA,629809,148909,36.7,24200,1,1
2016-Oct-01 00:00:00,Bio-Rad - EMEA,186256.13,54769.46,24.27,13398,3,3
2016-Oct-01 00:00:00,Brown-Forman,72779,15391,8,2831,10,10
2016-Oct-01 00:00:00,CEC,112855,36097,36,16252,4,4
2016-Oct-01 00:00:00,Clariant - EMEA,136087.08,14466.81,18.9,9041,3,3
2016-Oct-01 00:00:00,CLS,76759.51,14790.97,4.77,2219,4,4
2016-Oct-01 00:00:00,CNH,249309,20059,7,3701,12,12
2016-Oct-01 00:00:00,Coca Cola,277146.2,-121176.95,41.74,15428,5,4
2016-Oct-01 00:00:00,Covance - EMEA,64299.96,12875.51,9.17,2269,4,3
2016-Oct-01 00:00:00,Covance - NA,307675.17,107234.24,40,10400,0,0
2016-Oct-01 00:00:00,Duke,39107,9324,1,185,0,0
2016-Oct-01 00:00:00,E&Y - NA,1029604.73,286388.71,106.88,31993,0,0
2016-Oct-01 00:00:00,Embraer,102697,7691,9,1777,7,6
2016-Oct-01 00:00:00,Epsilon,448908,76600,22,9562,5,5
2016-Oct-01 00:00:00,Ferro,84724,13774,4,989,7,7
2016-Oct-01 00:00:00,Firmenich,330489.95,44754.48,16.56,8494,3,3
2016-Oct-01 00:00:00,Honda,51723,9905,7,2575,5,3
2016-Oct-01 00:00:00,Infineum,134467,32267,10,1754,5,5
2016-Oct-01 00:00:00,John Deere - EMEA,92857.44,17806.21,10.59,5601,12,8
2016-Oct-01 00:00:00,John Deere - NA,196644.36,36881.66,47,13575,0,0
2016-Oct-01 00:00:00,Kraft/Heinz - EMEA,47533.28,-16780.87,29.93,17122,6,6
2016-Oct-01 00:00:00,Kraft/Heinz - NA,379383,88243,40.39,22968,8,8
2016-Oct-01 00:00:00,Linde - EMEA,130401.73,17233.71,30.48,20214,8,7
2016-Oct-01 00:00:00,Louis Vuitton,238218,40309,12,4500,7,5
2016-Oct-01 00:00:00,MasterCard,28944,12908,7,179,9,9
2016-Oct-01 00:00:00,Merck-Serono,37410.14,10331.8,5.32,904,6,6
2016-Oct-01 00:00:00,Novelis - EMEA,55632,3910.27,7.19,1417,10,8
2016-Oct-01 00:00:00,Novelis - NA,80733.75,14189.01,12,6531,0,0
2016-Oct-01 00:00:00,Orbitz,23275.98,4491.54,7.19,1914,3,2
2016-Oct-01 00:00:00,OSRAM,79347.17,-7372.42,22.19,12475,4,4
2016-Oct-01 00:00:00,PMI - EMEA,665392.69,24109.41,36,28233,7,7
2016-Oct-01 00:00:00,Route One,108882,16934,14,7062,4,3
2016-Oct-01 00:00:00,SAPA - EMEA,82098.37,6716.79,16.57,4250,8,8
2016-Oct-01 00:00:00,Sulzer,98628.26,7490.63,13.69,5031,6,5
2016-Oct-01 00:00:00,Swagelok,152389,31805,9,2858,4,4
2016-Oct-01 00:00:00,TRW - EMEA,183762.06,12343.6,21.84,13859,14,14
2016-Oct-01 00:00:00,TSI,34019,13522,7.5,2270,5,5
2016-Oct-01 00:00:00,Vallourec,26960,-2398,2,1045,5,5
2016-Oct-01 00:00:00,Visteon,120531,35589,11,8615,3,3
2016-Nov-01 00:00:00,Acosta,152547,46614,47,13731,12,12
2016-Nov-01 00:00:00,Alcoa - EMEA,89602.63,1354.06,19.82,15808,10,9
2016-Nov-01 00:00:00,Alcoa - NA,222457.23,8754.56,38.09,11580,0,0
2016-Nov-01 00:00:00,Alvarez and Marsal,104410,14907,11,3054,5,5
2016-Nov-01 00:00:00,BCG - EMEA,70047.73,2166.92,16.34,6765,1,1
2016-Nov-01 00:00:00,BCG - NA,597479,110322,58.32,20433,1,1
2016-Nov-01 00:00:00,Bio-Rad - EMEA,206198.82,48467.68,24.67,12487,3,3
2016-Nov-01 00:00:00,Brown-Forman,97640,25106,8,2415,10,10
2016-Nov-01 00:00:00,CEC,112637,3528,36,16252,4,4
2016-Nov-01 00:00:00,Clariant - EMEA,136094.16,37360.85,16.79,9737,3,2
2016-Nov-01 00:00:00,CLS,77308,15170.43,5.21,2071,4,4
2016-Nov-01 00:00:00,CNH,249309,12857,7,3842,12,12
2016-Nov-01 00:00:00,Coca Cola,403867.97,55649.81,42.76,16798,5,4
2016-Nov-01 00:00:00,Covance - EMEA,64745.15,15285.48,8.72,2892,4,4
2016-Nov-01 00:00:00,Covance - NA,307683,104298.26,33,9717,0,0
2016-Nov-01 00:00:00,Duke,35313,7541,1,204,0,0
2016-Nov-01 00:00:00,E&Y - NA,694929,503259,82,9574,10,10
2016-Nov-01 00:00:00,Embraer,110013,1761,8,1810,7,7
2016-Nov-01 00:00:00,Epsilon,439052,60409,38,9445,5,4
2016-Nov-01 00:00:00,Ferro,86531,19557,3,695,7,7
2016-Nov-01 00:00:00,Firmenich,430875.58,13526.12,18.5,8589,3,3
2016-Nov-01 00:00:00,Honda,51794,6660,9,2997,5,3
2016-Nov-01 00:00:00,Infineum,132773,36805,8,2059,5,5
2016-Nov-01 00:00:00,John Deere - EMEA,121513.18,44917.66,13.43,5638,12,8
2016-Nov-01 00:00:00,John Deere - NA,200033.67,51842.14,47,13582,0,0
2016-Nov-01 00:00:00,Kraft/Heinz - EMEA,82988.62,49044.78,29.56,16670,6,6
2016-Nov-01 00:00:00,Kraft/Heinz - NA,347847,68570,38.5,21796,8,8
2016-Nov-01 00:00:00,Ledvance,38866.32,24044.44,7,3707,4,4
2016-Nov-01 00:00:00,Linde - EMEA,147544.99,29787.64,31.46,21117,7,7
2016-Nov-01 00:00:00,Louis Vuitton,219841,10891,9,5436,7,5
2016-Nov-01 00:00:00,MasterCard,29103,13107,7,157,9,9
2016-Nov-01 00:00:00,Merck-Serono,35706.26,11541.65,6.03,697,6,6
2016-Nov-01 00:00:00,Novelis - EMEA,55632,20751.29,7.49,1134,10,9
2016-Nov-01 00:00:00,Novelis - NA,81171.06,19623.12,14,6419,0,0
2016-Nov-01 00:00:00,Orbitz,22775.58,-321.56,6.81,1517,3,3
2016-Nov-01 00:00:00,OSRAM,75641.99,-7660.48,13.95,7115,4,4
2016-Nov-01 00:00:00,PMI - EMEA,660579.7,3629.2,39.67,27978,7,5
2016-Nov-01 00:00:00,Route One,101599,11666,15,6881,4,3
2016-Nov-01 00:00:00,SAPA - EMEA,82172.53,8542.75,15.12,4360,7,7
2016-Nov-01 00:00:00,Sulzer,101117.56,23259.92,13.79,5747,5,5
2016-Nov-01 00:00:00,Swagelok,152161,29786,8,2198,4,4
2016-Nov-01 00:00:00,TRW - EMEA,169258.69,14080.2,19.52,13329,14,14
2016-Nov-01 00:00:00,TSI,34100,14396,7,2221,5,5
2016-Nov-01 00:00:00,Vallourec,26960,-1464,2,1012,5,5
2016-Nov-01 00:00:00,Visteon,98775,41692,8,5832,3,3
2016-Dec-01 00:00:00,Acosta,148,40035,53,13204,11,11
2016-Dec-01 00:00:00,Alcoa - EMEA,83605.58,-4796,20.26,9696,11,11
2016-Dec-01 00:00:00,Alcoa - NA,245307.56,33417,25.08,6245,0,0
2016-Dec-01 00:00:00,Alvarez and Marsal,95456,19451,11,2690,5,5
2016-Dec-01 00:00:00,BCG - EMEA,49269.66,-12886.48,17.43,5192,1,1
2016-Dec-01 00:00:00,BCG - NA,556720,91654,69.61,15770,1,1
2016-Dec-01 00:00:00,Bio-Rad - EMEA,204144.19,45278.31,26.37,9606,3,3
2016-Dec-01 00:00:00,Brown-Forman,116287,54831,11,2284,10,10
2016-Dec-01 00:00:00,CEC,112073,38474,36,11891,4,4
2016-Dec-01 00:00:00,Clariant - EMEA,147340.94,4508.78,17.03,8323,3,3
2016-Dec-01 00:00:00,CLS,79238.57,18311.36,4.43,1925,4,3
2016-Dec-01 00:00:00,CNH,274256,24642,6,3182,12,12
2016-Dec-01 00:00:00,Coca Cola,282720.92,-63663.76,45.44,15851,5,4
2016-Dec-01 00:00:00,Covance - EMEA,60869.25,10848.15,9.34,2348,4,4
2016-Dec-01 00:00:00,Covance - NA,303672.96,106638.11,22,10953,0,0
2016-Dec-01 00:00:00,Duke,40445,8166,1,179,0,0
2016-Dec-01 00:00:00,Embraer,110323,6604,7,1639,7,6
2016-Dec-01 00:00:00,Epsilon,434976,73997,44,7324,5,4
2016-Dec-01 00:00:00,Ferro,82025,12291,3,606,7,7
2016-Dec-01 00:00:00,Firmenich,308348.74,18706.14,16.35,6333,3,3
2016-Dec-01 00:00:00,Honda,51754,3085,6,2738,5,2
2016-Dec-01 00:00:00,Infineum,131787,33446,8,1421,5,5
2016-Dec-01 00:00:00,Kraft/Heinz - EMEA,125238.31,-61217.17,32.74,14246,6,6
2016-Dec-01 00:00:00,Ledvance,36886.47,19007.11,7,2838,3,3
2016-Dec-01 00:00:00,Linde - EMEA,155964.92,33024.46,29.53,17682,8,7
2016-Dec-01 00:00:00,Louis Vuitton,204737,6645,10,4500,7,5
2016-Dec-01 00:00:00,MasterCard,29021,13509,5.5,108,9,9
2016-Dec-01 00:00:00,Merck-Serono,34826.81,11679.32,5.37,543,6,6
2016-Dec-01 00:00:00,Novelis - EMEA,55632,10199.06,6.56,730,10,9
2016-Dec-01 00:00:00,Novelis - NA,80207.73,16487.84,12,5664,0,0
2016-Dec-01 00:00:00,Orbitz,22189.65,1031.81,6.88,2358,3,3
2016-Dec-01 00:00:00,OSRAM,114194.49,19229.6,15.96,6474,4,3
2016-Dec-01 00:00:00,PMI - EMEA,677438.32,-5471.51,42.32,24233,7,7
2016-Dec-01 00:00:00,Route One,94064,9880,14,6316,4,3
2016-Dec-01 00:00:00,SAPA - EMEA,82894.58,9931.72,14.67,3584,8,8
2016-Dec-01 00:00:00,Sulzer,196866.52,103933.98,14.16,4314,5,5
2016-Dec-01 00:00:00,Swagelok,143561,23071,6,1686,4,4
2016-Dec-01 00:00:00,TRW - EMEA,166699.38,-393.02,16.26,10724,14,12
2016-Dec-01 00:00:00,TSI,32910,13323,6.5,1976,5,5
2016-Dec-01 00:00:00,Vallourec,26960,-2015,2,893,5,5
2016-Dec-01 00:00:00,Visteon,175257,107495,7,3950,3,3
2017-Jan-01 00:00:00,3M,35483.20183,1171.629969,23,1861,6,6
2017-Jan-01 00:00:00,ABDI,0,0,14,291,52,48
2017-Jan-01 00:00:00,Acosta,153296,48013,43,12040,12,12
2017-Jan-01 00:00:00,Adasa,5720.663609,1573.804281,2,363,9,9
2017-Jan-01 00:00:00,Aernnova,8052.53211,4293.850153,1,212,4,4
2017-Jan-01 00:00:00,AGCO,19436.44343,-4389.541284,6,3605,10,5
2017-Jan-01 00:00:00,Alcoa - LATAM,27809.91437,-289.1070336,19,9219,4,4
2017-Jan-01 00:00:00,Alcoa - NA,285208.73,-32043.52,19,7192,0,0
2017-Jan-01 00:00:00,Alvarez and Marsal,108250,23909,14,2496,5,5
2017-Jan-01 00:00:00,AMBEV,21971.01835,-10988.68502,17,6139,10,8
2017-Jan-01 00:00:00,Amcor,49319,-1604,14,3885,10,9
2017-Jan-01 00:00:00,Astrazeneca,34795.3945,4459.275229,21,3080,12,11
2017-Jan-01 00:00:00,Banco Fibra,33586.39144,-18893.52599,13,1279,0,0
2017-Jan-01 00:00:00,Banco Pan,47345.28746,4134.636086,22,17333,7,7
2017-Jan-01 00:00:00,BCG - NA,245965.87,-23006.92,38,15974,0,0
2017-Jan-01 00:00:00,BG Group,24656.53517,3370.53211,4,800,1,1
2017-Jan-01 00:00:00,BH AIRPORT,18323.52599,3655.697248,8,1500,4,4
2017-Jan-01 00:00:00,Bio-Rad - EMEA,267485.58,36504.51,27.04,16719,3,3
2017-Jan-01 00:00:00,BNB,88503.36391,-339500.9327,164,41992,504,504
2017-Jan-01 00:00:00,Brown-Forman,126711,26630,11,2750,10,10
2017-Jan-01 00:00:00,BTG Pactual,74426.93884,-6899.406728,15,4085,8,8
2017-Jan-01 00:00:00,Burger King,45593.7156,-50839.50765,25,1525,1,1
2017-Jan-01 00:00:00,Caixa,445239.5566,130282.1988,133,0,16,16
2017-Jan-01 00:00:00,CEC,102911,23385,30,15582,4,4
2017-Jan-01 00:00:00,Clariant - EMEA,252678.87,55691.53,19.08,8698,3,3
2017-Jan-01 00:00:00,CLS,81282.33,9173.41,5.09,2546,5,5
2017-Jan-01 00:00:00,CNH,287357,38461,8,4393,12,12
2017-Jan-01 00:00:00,CNH - LATAM,99746.32416,15350.16208,39,3387,8,8
2017-Jan-01 00:00:00,CNI,32504.09174,4695.963303,7,0,20,20
2017-Jan-01 00:00:00,Coca Cola,308588.31,-16835.91,46.23,17017,5,3
2017-Jan-01 00:00:00,Covance - EMEA,62498.8,15003.75,8.08,3034,4,3
2017-Jan-01 00:00:00,Covance - NA,302412.7,64885.92,27,10041,0,0
2017-Jan-01 00:00:00,CPFL,128977.5199,20330.39144,19,7007,6,6
2017-Jan-01 00:00:00,DETRAN-CE,136039.8807,42090.3792,5,0,10,10
2017-Jan-01 00:00:00,DIRECIONAL,16005.44954,2822.382263,5,850,5,5
2017-Jan-01 00:00:00,Duke,36428,6414,1,168,0,0
2017-Jan-01 00:00:00,Elebat,21731.1315,-2348.412844,12,511,0,0
2017-Jan-01 00:00:00,Embraer,107808,4432,8,1827,7,7
2017-Jan-01 00:00:00,Embraer (CA-Support) - LATAM,24026.56575,7587.051988,4,289,14,14
2017-Jan-01 00:00:00,Embraer (Datacenter) - LATAM,-1607.779817,-33553.87462,11,620,10,10
2017-Jan-01 00:00:00,Embraer (Gest?o de Ativos) - LATAM,20041.15291,6359.929664,16,895,15,15
2017-Jan-01 00:00:00,Embraer (PC as a Service) - LATAM,434328.7217,-71382.04893,36,1401,15,15
2017-Jan-01 00:00:00,Embraer (Portais) - LATAM,-18245.09174,-19390.04281,5,311,12,12
2017-Jan-01 00:00:00,Embraer (Projetotres) - LATAM,-3807.076453,-4796.675841,3,231,8,8
2017-Jan-01 00:00:00,Emprel,0,-11830.16514,22,1470,4,4
2017-Jan-01 00:00:00,Epsilon,441440,60180,44,5492,5,3
2017-Jan-01 00:00:00,Evoqua,30268,5350,9,3102,6,6
2017-Jan-01 00:00:00,Ferro,85554,12805,4,954,7,7
2017-Jan-01 00:00:00,FGV,57367.63609,8858.648318,30,4294,6,6
2017-Jan-01 00:00:00,Fiat,321429.6881,70458.93578,88,7516,10,10
2017-Jan-01 00:00:00,FIES,0,-5490.825688,7,248,4,3
2017-Jan-01 00:00:00,Firmenich,299819.66,15050.36,20.59,8916,3,3
2017-Jan-01 00:00:00,FORD,38764.22018,4104.024465,9,499,4,4
2017-Jan-01 00:00:00,FUNASA,-183031.0948,-187078.6942,60,8998,11,9
2017-Jan-01 00:00:00,Gerdau,130748.0122,23127.56269,41,15815,34,28
2017-Jan-01 00:00:00,GoodYear,150906.6239,2506.070336,43,4243,8,8
2017-Jan-01 00:00:00,Hanon,67174,22540,7,1738,3,3
2017-Jan-01 00:00:00,HCL Brasil,22697.16514,-2169.388379,12,674,5,5
2017-Jan-01 00:00:00,Honda,51812,11966,8,4694,5,4
2017-Jan-01 00:00:00,Huron,25719,8360,11,4984,7,5
2017-Jan-01 00:00:00,IBM SP - Fleury,39980.55657,-8908.590214,40,592,4,4
2017-Jan-01 00:00:00,IBRAM,52636.92355,16207.57492,15,1210,26,26
2017-Jan-01 00:00:00,Incra,54614.93578,-3376.327217,15,448,27,27
2017-Jan-01 00:00:00,Infineum,131727,30935,10,1854,5,5
2017-Jan-01 00:00:00,Intercement,21410.09786,1323.186544,7,2272,5,5
2017-Jan-01 00:00:00,Intermedica,74183.50153,2858.920489,26,11000,50,50
2017-Jan-01 00:00:00,Kraft/Heinz - EMEA,75650.29,19872.84,31.52,17916,7,6
2017-Jan-01 00:00:00,Kuehne Nagel,17306.92966,719.5443425,9,1152,5,5
2017-Jan-01 00:00:00,Ledvance,37190.2,13258.84,7,3432,4,4
2017-Jan-01 00:00:00,Linde - EMEA,161180.78,23613.97,33.22,21628,5,5
2017-Jan-01 00:00:00,Linde - LATAM,38268.11621,10408.3578,14,2239,5,5
2017-Jan-01 00:00:00,Louis Vuitton,222368,21947,10,4500,7,6
2017-Jan-01 00:00:00,M.T.E,33709.2263,-9278.605505,14,0,18,18
2017-Jan-01 00:00:00,Magneti Marelli,55302.31804,-5755.544343,5,2254,6,6
2017-Jan-01 00:00:00,MAPA,63889.25688,12563.40979,29,6936,15,13
2017-Jan-01 00:00:00,MasterCard,28982,12834,5,135,9,9
2017-Jan-01 00:00:00,Merck-Serono,34996.54,10160.18,5.06,521,6,6
2017-Jan-01 00:00:00,MMA,45384.72477,321.2844037,18,1147,54,54
2017-Jan-01 00:00:00,Mongeral,28273.27523,4362.703364,16,1438,0,0
2017-Jan-01 00:00:00,MRS,27850.50153,-38187.72783,25,630,12,9
2017-Jan-01 00:00:00,Multiplus,17531.09786,-3508.559633,8,729,5,0
2017-Jan-01 00:00:00,NBA,38587,9466,6,2535,6,6
2017-Jan-01 00:00:00,Neoenergia,51509.23547,-19672.24771,45,10840,66,53
2017-Jan-01 00:00:00,Nestle,240954.4098,89550.53517,33,5398,0,0
2017-Jan-01 00:00:00,Nidera,9034.83792,-1825.663609,3,804,6,6
2017-Jan-01 00:00:00,Novelis - EMEA,55632,12338.91,6.73,1077,10,10
2017-Jan-01 00:00:00,Novelis - LATAM,-947.9663609,-6147.360856,16,1090,20,19
2017-Jan-01 00:00:00,Novelis - NA,81229.38,20205.02,13,6259,0,0
2017-Jan-01 00:00:00,NOVO NORDISK,9661.183486,1819.269113,3,400,4,4
2017-Jan-01 00:00:00,Odontoprev,19768.53517,1488.385321,10,3800,7,7
2017-Jan-01 00:00:00,Orbitz,22398.49,3648.94,6.16,1844,3,3
2017-Jan-01 00:00:00,OSRAM,111470.33,5315.93,17.83,7197,5,5
2017-Jan-01 00:00:00,Par Corretora,7126.944954,-686.4250765,7,773,12,10
2017-Jan-01 00:00:00,Paranapanema,14133.19878,-2983.565749,6,471,11,11
2017-Jan-01 00:00:00,PMI - EMEA,725416.63,-18348.21,42.16,29505,6,6
2017-Jan-01 00:00:00,Porto Seguro,125179.9297,8430.272171,77,20679,23,19
2017-Jan-01 00:00:00,PPG,-134.6911315,-4503.565749,4,607,3,3
2017-Jan-01 00:00:00,RA IMC,37183.97554,5789.192661,24,3963,5,5
2017-Jan-01 00:00:00,Route One,96479,20401,15,6829,4,4
2017-Jan-01 00:00:00,Samarco,72571.27217,33152.55963,8,305,12,11
2017-Jan-01 00:00:00,SAPA - EMEA,129492.88,631.19,16.5,4490,7,7
2017-Jan-01 00:00:00,Sebrae,60356.01223,11009.96942,17,1815,1,1
2017-Jan-01 00:00:00,SEBRAE MG,84580.93884,42592.76453,5,1855,25,24
2017-Jan-01 00:00:00,SEE-SD ATENDIMENTO,-82780.48318,-101854.3609,13,7353,11,11
2017-Jan-01 00:00:00,SERPRODF,127907.6147,28237.00612,78,58775,6,3
2017-Jan-01 00:00:00,SFB,1370.366972,-30.74923547,2,300,5,5
2017-Jan-01 00:00:00,Sicredi,9996.406728,2124.2263,4,1132,3,3
2017-Jan-01 00:00:00,Software One,33122.83792,6570.984709,10,25,0,0
2017-Jan-01 00:00:00,Souza Cruz,112466.1346,33359.49541,25,1121,4,4
2017-Jan-01 00:00:00,Sulzer,108118.62,27159.61,13.53,5031,6,5
2017-Jan-01 00:00:00,Swagelok,157512,26689,9,2616,4,4
2017-Jan-01 00:00:00,TE/Tyco,9759.633028,3349.75841,5,692,0,0
2017-Jan-01 00:00:00,Terra Networks,69174.47706,2740.474006,19,2118,8,8
2017-Jan-01 00:00:00,ThyssenKrupp,39208.72477,6264.525994,16,914,2,2
2017-Jan-01 00:00:00,TIM HDC&CCA,225079.3517,38169.51682,116,79423,4,0
2017-Jan-01 00:00:00,TIM Opera??o,244506.1468,-50817.81651,162,54577,38,38
2017-Jan-01 00:00:00,TJMG,143227.0367,-11489.06116,58,4500,2,1
2017-Jan-01 00:00:00,TJ-RJ,157872.7248,-12699.03058,44,997,11,11
2017-Jan-01 00:00:00,TJRN,0,-206.0061162,15,225,4,4
2017-Jan-01 00:00:00,TRF - Se??es - Consolidado,148024.1437,-27943.13761,176,17399,84,82
2017-Jan-01 00:00:00,TRT SUSTENTA??O,17864.72171,-5324.021407,4,691,6,6
2017-Jan-01 00:00:00,TRW - EMEA,197709.17,29225.96,20.48,18724,14,12
2017-Jan-01 00:00:00,TSI,34047,15146,4,2307,5,5
2017-Jan-01 00:00:00,TST,26580.26911,-22598.83486,25,7940,18,15
2017-Jan-01 00:00:00,Unimed/RJ,124191.578,18666.68502,59,5274,9,9
2017-Jan-01 00:00:00,UNITEC,4302.437309,-10914.67278,6,498,3,3
2017-Jan-01 00:00:00,Valeo,26330.13456,3905.584098,7,1617,8,8
2017-Jan-01 00:00:00,Vallourec,26096,192,3,1540,5,5
2017-Jan-01 00:00:00,Visteon,87391,36331,8,5358,3,3
2017-Jan-01 00:00:00,WestRock Rigesa,25080.51376,5170.376147,11,1231,4,4
2017-Feb-01 00:00:00,3M,35133.79553,-544.3290735,23,1244,6,6
2017-Feb-01 00:00:00,ABDI,33662.22045,17286.64856,14,629,52,49
2017-Feb-01 00:00:00,Acosta,146404,42219,33,14104,12,12
2017-Feb-01 00:00:00,Adasa,5976.543131,2103.188498,2,282,9,9
2017-Feb-01 00:00:00,Aernnova,6407.881789,2156.795527,1,196,4,4
2017-Feb-01 00:00:00,AGCO,64192.1278,22082.04792,6,3097,10,3
2017-Feb-01 00:00:00,Alcoa - LATAM,13133.02556,7460.099042,19,7542,4,3
2017-Feb-01 00:00:00,Alcoa - NA,309129.21,46889.79,28.84,30394,0,0
2017-Feb-01 00:00:00,Alvarez and Marsal,175437,72872,13,2849,5,5
2017-Feb-01 00:00:00,AMBEV,43055.24601,-1239.095847,19,5860,10,8
2017-Feb-01 00:00:00,Astrazeneca,36584.41214,4210.322684,20,3172,12,12
2017-Feb-01 00:00:00,Banco Fibra,35088.65815,-15730.97764,13,1348,0,0
2017-Feb-01 00:00:00,Banco Pan,60072.52077,3782.600639,22,14852,7,6
2017-Feb-01 00:00:00,BCG - NA,216153.47,-47644.22,36,14385,0,0
2017-Feb-01 00:00:00,BG Group,25701.17572,6511.731629,4,800,1,1
2017-Feb-01 00:00:00,BH AIRPORT,-134.9265176,-9985.079872,8,938,4,4
2017-Feb-01 00:00:00,Bio-Rad - EMEA,253921.73,42328.81,27.04,13677,3,3
2017-Feb-01 00:00:00,BNB,300799.0288,-48786.76677,164,36794,450,450
2017-Feb-01 00:00:00,Brown-Forman,118480,19300,8,2445,10,10
2017-Feb-01 00:00:00,BTG Pactual,77755.9393,5939.086262,15,3705,8,6
2017-Feb-01 00:00:00,Burger King,104645.4249,-14163.25559,25,1110,1,0
2017-Feb-01 00:00:00,Caixa,124912.5431,-12062.27796,133,0,16,16
2017-Feb-01 00:00:00,CEC,103307,26852,24,13960,4,4
2017-Feb-01 00:00:00,Clariant - EMEA,252214.88,52702.91,22.09,8275,3,3
2017-Feb-01 00:00:00,CLS,82981.36,15161.42,4.66,2149,5,5
2017-Feb-01 00:00:00,CNH,270184,8917,8,3566,12,12
2017-Feb-01 00:00:00,CNH - LATAM,1496.261981,-55877.84026,39,2776,8,8
2017-Feb-01 00:00:00,CNI,33957.94888,15281.57827,7,0,20,20
2017-Feb-01 00:00:00,Coca Cola,315021.3,-37863.33,46.7,16510,5,4
2017-Feb-01 00:00:00,Covance - EMEA,62948.86,14568.05,8.27,2350,4,4
2017-Feb-01 00:00:00,Covance - NA,304405.09,84958.09,30,9552,0,0
2017-Feb-01 00:00:00,CPFL,135289.5304,26110.92332,19,5982,6,6
2017-Feb-01 00:00:00,DETRAN-CE,0,-68222.49201,32,0,10,10
2017-Feb-01 00:00:00,DIRECIONAL,16773.98083,2287.469649,5,500,5,5
2017-Feb-01 00:00:00,Duke,37567,8379,1,148,0,0
2017-Feb-01 00:00:00,Elebat,67514.18211,30610.35463,12,422,0,0
2017-Feb-01 00:00:00,Embraer,147920,47730,8,1762,7,7
2017-Feb-01 00:00:00,Embraer (CA-Support) - LATAM,23745.51757,11155.35463,4,241,14,14
2017-Feb-01 00:00:00,Embraer (Datacenter) - LATAM,110143.77,56247.45048,11,461,10,10
2017-Feb-01 00:00:00,Embraer (Gest?o de Ativos) - LATAM,21640.89137,8074.990415,16,764,15,15
2017-Feb-01 00:00:00,Embraer (PC as a Service) - LATAM,544088.8339,44999.06709,36,1281,15,15
2017-Feb-01 00:00:00,Embraer (Portais) - LATAM,56645.36741,32410.56869,5,276,12,12
2017-Feb-01 00:00:00,Embraer (Projetotres) - LATAM,1300.220447,85.00319489,3,182,8,8
2017-Feb-01 00:00:00,Emprel,66811.36741,912.3897764,24,1529,4,4
2017-Feb-01 00:00:00,Epsilon,402696,24807,28,6864,5,5
2017-Feb-01 00:00:00,Evoqua,34342,8084,9,3709,6,1
2017-Feb-01 00:00:00,Ferro,78506,16277,5,991,7,7
2017-Feb-01 00:00:00,FGV,59326.86581,11083.52716,30,4383,6,6
2017-Feb-01 00:00:00,Fiat,175560.8562,-35565.34824,86,8213,10,10
2017-Feb-01 00:00:00,FIES,0,-5551.958466,7,236,4,4
2017-Feb-01 00:00:00,Firmenich,288252.85,28815.68,19.91,7484,3,3
2017-Feb-01 00:00:00,FORD,21673.18211,-85.03833866,9,464,4,4
2017-Feb-01 00:00:00,FUNASA,188556.853,80345.33866,60,9138,11,8
2017-Feb-01 00:00:00,Gerdau,-3030.373802,-57332.12141,41,14142,34,30
2017-Feb-01 00:00:00,GoodYear,163897.7859,13707.38658,42,3971,8,7
2017-Feb-01 00:00:00,Hanon,67306,19101,8,1439,3,3
2017-Feb-01 00:00:00,HCL Brasil,23732.21406,-3575.498403,12,551,5,5
2017-Feb-01 00:00:00,Honda,51799,12885,8,3773,5,4
2017-Feb-01 00:00:00,Huron,25641,4490,11,3192,7,6
2017-Feb-01 00:00:00,IBM SP - Fleury,42214.21725,-9944.916933,40,586,4,4
2017-Feb-01 00:00:00,IBRAM,-55346.55272,-59072.5016,12,1171,26,26
2017-Feb-01 00:00:00,Incra,-371.8146965,-37737.64856,15,519,27,27
2017-Feb-01 00:00:00,Infineum,139353,38571,9,2038,5,5
2017-Feb-01 00:00:00,Intercement,22322.95847,-1754.507987,8,1953,5,5
2017-Feb-01 00:00:00,Intermedica,77501.61342,7253.530351,26,11000,50,50
2017-Feb-01 00:00:00,Kraft/Heinz - EMEA,87559.82,28601.49,32.48,16805,6,6
2017-Feb-01 00:00:00,Kuehne Nagel,20792.46006,-868.057508,10,1503,5,4
2017-Feb-01 00:00:00,Ledvance,37261.93,15574.61,5.6,3634,5,4
2017-Feb-01 00:00:00,Linde - EMEA,164842.35,35366.14,32.17,21772,8,4
2017-Feb-01 00:00:00,Linde - LATAM,4439.686901,-13477.97444,13,2190,5,4
2017-Feb-01 00:00:00,Louis Vuitton,213083,18024,10,4500,7,7
2017-Feb-01 00:00:00,M.T.E,-615.6517572,-25888.42173,14,0,18,18
2017-Feb-01 00:00:00,Magneti Marelli,24430.07348,-24823.00319,5,2237,6,6
2017-Feb-01 00:00:00,MAPA,0,-18701.1885,31,7675,15,13
2017-Feb-01 00:00:00,MasterCard,28903,11946,5.5,172,9,9
2017-Feb-01 00:00:00,Merck-Serono,35071.2,10128.46,6.5,521,6,6
2017-Feb-01 00:00:00,MMA,-143.0607029,-37838.2492,18,1533,54,53
2017-Feb-01 00:00:00,Mongeral,28156.69329,6070.073482,16,1071,0,0
2017-Feb-01 00:00:00,MRS,112302.7125,57775.12141,25,1588,12,8
2017-Feb-01 00:00:00,Multiplus,18315.23323,-4730.290735,8,1069,5,2
2017-Feb-01 00:00:00,NBA,38120,13634,4,1918,1,1
2017-Feb-01 00:00:00,Neoenergia,9077.702875,-89969.5623,45,8799,60,47
2017-Feb-01 00:00:00,Nestle,62845.83387,-18931.33866,34,5149,0,0
2017-Feb-01 00:00:00,Nidera,9454.974441,-4649.527157,3,986,6,4
2017-Feb-01 00:00:00,Novelis - EMEA,55632,11771.69,6.74,1098,10,10
2017-Feb-01 00:00:00,Novelis - LATAM,-11969.38019,-15680.08946,16,944,20,19
2017-Feb-01 00:00:00,Novelis - NA,80878.44,21211.17,13,5070,0,0
2017-Feb-01 00:00:00,NOVO NORDISK,0,-5580.731629,3,450,4,4
2017-Feb-01 00:00:00,Odontoprev,20555.97444,3132.204473,10,3800,7,7
2017-Feb-01 00:00:00,Orbitz,19247.53,824.5,5.47,1581,3,3
2017-Feb-01 00:00:00,OSRAM,87232.02,-9320.21,15.6,9721,3,2
2017-Feb-01 00:00:00,Par Corretora,7445.722045,-230.6805112,7,751,12,12
2017-Feb-01 00:00:00,Paranapanema,14748.5655,133.172524,6,726,11,11
2017-Feb-01 00:00:00,PMI - EMEA,802981.65,26938.75,45.21,28738,6,5
2017-Feb-01 00:00:00,Porto Seguro,0,-94162.53355,77,17855,23,23
2017-Feb-01 00:00:00,PPG,17056.54952,7451.824281,4,628,3,3
2017-Feb-01 00:00:00,RA IMC,38847.15655,-31005.9393,24,3437,5,5
2017-Feb-01 00:00:00,Route One,96739,23031,14,6477,4,4
2017-Feb-01 00:00:00,Samarco,55392.80831,15465.86581,8,330,12,12
2017-Feb-01 00:00:00,SAPA - EMEA,138831.49,20174.47,16.87,4127,8,8
2017-Feb-01 00:00:00,Sebrae,62804.59105,13625.94249,17,2395,1,1
2017-Feb-01 00:00:00,SEBRAE MG,80363.68371,25758.61342,5,1559,25,25
2017-Feb-01 00:00:00,SEE-SD ATENDIMENTO,37975.57827,-5564.408946,15,7479,11,11
2017-Feb-01 00:00:00,SERPRODF,0,40410.85623,78,54133,6,2
2017-Feb-01 00:00:00,SFB,1431.661342,137.3035144,2,230,5,5
2017-Feb-01 00:00:00,Sicredi,10443.53035,2499.932907,4,1123,3,3
2017-Feb-01 00:00:00,Software One,33981.49201,5135.872204,10,49,0,0
2017-Feb-01 00:00:00,Souza Cruz,-37866.46326,-61872.92013,25,1110,4,4
2017-Feb-01 00:00:00,Sulzer,99403.99,20845.83,13.48,4573,6,6
2017-Feb-01 00:00:00,Swagelok,154896,34248,9,2326,4,4
2017-Feb-01 00:00:00,TE/Tyco,10196.16613,1727.169329,5,428,0,0
2017-Feb-01 00:00:00,Terra Networks,-14002.69968,-40507.3099,19,1846,8,8
2017-Feb-01 00:00:00,ThyssenKrupp,40948.07348,-2294.840256,15,726,2,2
2017-Feb-01 00:00:00,TIM HDC&CCA,-19432.99681,-151403.147,116,68404,4,0
2017-Feb-01 00:00:00,TIM Opera??o,-18904.96805,-236862.6837,161,50707,38,36
2017-Feb-01 00:00:00,TJMG,190137.7572,-28762.22684,74,6000,2,2
2017-Feb-01 00:00:00,TJ-RJ,165017.0064,25931.00319,44,1019,11,11
2017-Feb-01 00:00:00,TJRN,0,-2225.980831,15,569,4,4
2017-Feb-01 00:00:00,TRF - Se??es - Consolidado,-51429.96805,120089.1438,176,17541,84,84
2017-Feb-01 00:00:00,TRT SUSTENTA??O,21163.09265,4637.162939,4,677,6,6
2017-Feb-01 00:00:00,TRW - EMEA,176736.11,4451.74,20.54,15016,14,13
2017-Feb-01 00:00:00,TSI,30468,11830,6,1849,5,5
2017-Feb-01 00:00:00,TST,0,-83799.58147,25,11554,14,4
2017-Feb-01 00:00:00,Unimed/RJ,86680.75399,-1777.162939,62,3685,9,9
2017-Feb-01 00:00:00,UNITEC,-2629.980831,-14205.96805,6,371,3,3
2017-Feb-01 00:00:00,Valeo,-232.8146965,-18537.59105,7,1569,8,8
2017-Feb-01 00:00:00,Vallourec,27104,-1754,2,1148,5,5
2017-Feb-01 00:00:00,Visteon,87331,35782,7,5224,3,3
2017-Feb-01 00:00:00,WestRock Rigesa,25691.4984,6422.900958,12,943,4,4
2017-Mar-01 00:00:00,3M,34272.80323,-594.0483871,23,1276,6,6
2017-Mar-01 00:00:00,ABDI,1492.632258,-2401.712903,14,629,52,51
2017-Mar-01 00:00:00,Adasa,6034.380645,2140.335484,2,418,9,9
2017-Mar-01 00:00:00,Aernnova,11826.30968,6875.241935,1,193,4,4
2017-Mar-01 00:00:00,AGCO,69241.29677,20540.72258,4,2945,10,4
2017-Mar-01 00:00:00,Alcoa - LATAM,19469.33226,2143.66129,19,8961,4,4
2017-Mar-01 00:00:00,AMBEV,53717.52581,2321.925806,20,6861,10,7
2017-Mar-01 00:00:00,Astrazeneca,36938.45484,24175.02581,19,4284,12,12
2017-Mar-01 00:00:00,Banco Fibra,0,-25843.0129,14,1198,0,0
2017-Mar-01 00:00:00,Banco Pan,49941.64194,1743.806452,22,16788,7,7
2017-Mar-01 00:00:00,BG Group,27440.04516,7063.741935,4,800,1,1
2017-Mar-01 00:00:00,BH AIRPORT,-136.2322581,-11100.7,8,1435,4,4
2017-Mar-01 00:00:00,BNB,279758.129,-53332.57419,164,44000,395,394
2017-Mar-01 00:00:00,BTG Pactual,78508.41613,-3974.029032,15,4334,8,8
2017-Mar-01 00:00:00,Burger King,61181.57097,-67988.73226,25,1182,1,1
2017-Mar-01 00:00:00,Caixa,107163.2871,7227.596774,134,0,16,16
2017-Mar-01 00:00:00,CNH - LATAM,0,-77095.53548,39,3421,8,8
2017-Mar-01 00:00:00,CNI,34286.57419,6891.706452,7,0,20,20
2017-Mar-01 00:00:00,CPFL,136667.3226,23488.25484,19,7743,6,6
2017-Mar-01 00:00:00,DETRAN-CE,70114.31935,-51778.34839,32,0,10,10
2017-Mar-01 00:00:00,DIRECIONAL,16961.81613,3922.519355,5,972,5,5
2017-Mar-01 00:00:00,Elebat,60861.8129,24782.59032,12,460,0,0
2017-Mar-01 00:00:00,Embraer (CA-Support) - LATAM,23263.56774,7188.309677,4,312,14,14
2017-Mar-01 00:00:00,Embraer (Datacenter) - LATAM,-1584.73871,-44956.9129,21,1102,10,10
2017-Mar-01 00:00:00,Embraer (Gest?o de Ativos) - LATAM,21446.0871,3752.896774,16,918,15,15
2017-Mar-01 00:00:00,Embraer (PC as a Service) - LATAM,536912.6806,-79535.01935,61,1401,15,15
2017-Mar-01 00:00:00,Embraer (Portais) - LATAM,19064.51613,5749.416129,5,289,12,12
2017-Mar-01 00:00:00,Embraer (Projetotres) - LATAM,-2668.925806,-5048.235484,3,227,8,8
2017-Mar-01 00:00:00,Emprel,0,-43985.36129,24,1948,4,4
2017-Mar-01 00:00:00,FGV,60362.69355,11759.77419,30,5724,6,6
2017-Mar-01 00:00:00,Fiat,191809.7161,-71582.47742,85,7165,10,10
2017-Mar-01 00:00:00,FIES,21362.27419,8150.022581,7,389,4,4
2017-Mar-01 00:00:00,FORD,22150.37097,253.9387097,9,439,4,4
2017-Mar-01 00:00:00,FUNASA,0,-55379.79032,60,10623,11,11
2017-Mar-01 00:00:00,Gerdau,-28847.77097,-82296.93226,41,16897,34,29
2017-Mar-01 00:00:00,GoodYear,165487.5935,35764.16452,44,4291,8,8
2017-Mar-01 00:00:00,HCL Brasil,24070.19677,-2896.212903,12,588,5,5
2017-Mar-01 00:00:00,IBM SP - Fleury,40515.1,-15570.44839,40,684,4,4
2017-Mar-01 00:00:00,IBRAM,116386.3903,61655.86452,15,1671,26,25
2017-Mar-01 00:00:00,Incra,-281.5612903,-44336.33226,15,1157,27,27
2017-Mar-01 00:00:00,Intercement,-56.51612903,-19636.70645,8,2250,5,5
2017-Mar-01 00:00:00,Intermedica,78251.62903,7236.612903,26,11000,50,50
2017-Mar-01 00:00:00,Kuehne Nagel,20993.67742,-876.4580645,10,1474,5,5
2017-Mar-01 00:00:00,Linde - LATAM,24759.87742,6564.380645,13,2730,5,4
2017-Mar-01 00:00:00,M.T.E,107893.1774,42920.49355,14,0,18,18
2017-Mar-01 00:00:00,Magneti Marelli,61599.93871,8888.896774,5,3203,6,6
2017-Mar-01 00:00:00,MAPA,0,-20286.93871,31,9296,15,13
2017-Mar-01 00:00:00,MMA,74538.38387,27287.98065,18,1975,54,52
2017-Mar-01 00:00:00,Mongeral,29602.48065,6975.209677,12,1238,0,0
2017-Mar-01 00:00:00,MRS,60542.82258,-12414.80968,25,1983,12,4
2017-Mar-01 00:00:00,Multiplus,18399.59677,-7823.987097,8,798,5,2
2017-Mar-01 00:00:00,Neoenergia,67332.42581,58644.18387,45,14800,66,56
2017-Mar-01 00:00:00,Nestle,92667.39032,-25881.18065,35,8820,0,0
2017-Mar-01 00:00:00,Nidera,9536.929032,441.0193548,3,986,6,4
2017-Mar-01 00:00:00,Novelis - LATAM,43212.19355,7341.064516,16,1206,20,19
2017-Mar-01 00:00:00,NOVO NORDISK,20381.98065,6334.945161,3,375,4,4
2017-Mar-01 00:00:00,Odontoprev,20754.90323,4210.012903,10,3800,7,7
2017-Mar-01 00:00:00,Par Corretora,13438.14194,3992.551613,7,573,12,12
2017-Mar-01 00:00:00,Paranapanema,14856.06452,972.0774194,5,541,11,11
2017-Mar-01 00:00:00,Porto Seguro,128238.2161,-4012.235484,77,21668,23,21
2017-Mar-01 00:00:00,PPG,17221.6129,7190.509677,4,1025,3,3
2017-Mar-01 00:00:00,RA IMC,38634.75161,-28051.01935,23,3595,5,5
2017-Mar-01 00:00:00,Samarco,52900.83226,9409.180645,8,272,12,12
2017-Mar-01 00:00:00,Sebrae,62413.67419,40.4,17,2323,1,1
2017-Mar-01 00:00:00,SEBRAE MG,156152.8806,108798.9387,5,1789,25,25
2017-Mar-01 00:00:00,SEE-SD ATENDIMENTO,-82958.68065,-98759.70645,15,6461,11,11
2017-Mar-01 00:00:00,SERPRODF,54148.04839,-31419.90968,78,76327,6,3
2017-Mar-01 00:00:00,SFB,1440.458065,197.8548387,2,222,5,5
2017-Mar-01 00:00:00,Sicredi,10544.59677,3931.096774,4,1238,3,3
2017-Mar-01 00:00:00,Software One,33891.07097,4659.980645,10,85,0,0
2017-Mar-01 00:00:00,Souza Cruz,156872.029,77538.50645,25,1115,4,4
2017-Mar-01 00:00:00,TE/Tyco,10380.62903,1726.432258,4,451,0,0
2017-Mar-01 00:00:00,Terra Networks,70667.63548,7395.309677,19,1758,8,8
2017-Mar-01 00:00:00,ThyssenKrupp,-6122.93871,-27064.07742,14,1215,2,2
2017-Mar-01 00:00:00,TIM HDC&CCA,119195.9484,-54343.56452,109,69263,4,0
2017-Mar-01 00:00:00,TIM Opera??o,286520.3581,-37735.45806,157,55868,38,38
2017-Mar-01 00:00:00,TJMG,177082.7806,-106909.5677,74,6500,2,1
2017-Mar-01 00:00:00,TJ-RJ,-333144.2065,-12538.33548,42,1300,11,11
2017-Mar-01 00:00:00,TJRN,0,-25152.08065,15,675,4,4
2017-Mar-01 00:00:00,TRF - Se??es - Consolidado,-104213.9194,-88292.77742,176,20702,84,83
2017-Mar-01 00:00:00,TRT SUSTENTA??O,16000.85806,-1980.245161,4,910,6,6
2017-Mar-01 00:00:00,TST,11582.64516,-35072.34516,25,16423,13,5
2017-Mar-01 00:00:00,Unimed/RJ,86283.63871,5168.080645,61,4897,9,7
2017-Mar-01 00:00:00,UNITEC,-312.6903226,-16813.64839,6,339,3,3
2017-Mar-01 00:00:00,Valeo,58148.29032,22841.48065,7,1567,8,8
2017-Mar-01 00:00:00,WestRock Rigesa,24062.35161,4083.816129,11,1018,4,4
2017-Mar-01 00:00:00,Acosta,147658.02,28190.28,31,12934,0,0
2017-Mar-01 00:00:00,Alcoa - EMEA,0,8140.31,23.18,13003,11,11
2017-Mar-01 00:00:00,Alcoa - NA,286133.02,-25649.493,16,7774,0,0
2017-Mar-01 00:00:00,Alvarez and Marsal,77695.02,18885.24,12,2245,0,0
2017-Feb-01 00:00:00,Amcor,36584.72,-11662.35,13,3339,0,0
2017-Mar-01 00:00:00,Amcor,44665.96,-24864.65,16,4961,0,0
2017-Mar-01 00:00:00,BCG - EMEA,0,6661.66,17.74,8398,1,1
2017-Mar-01 00:00:00,BCG - NA,269343.3,-21921.66,34,16406,0,0
2017-Mar-01 00:00:00,BCG - NA,269343.3,-21921.66,34,16406,0,0
2017-Mar-01 00:00:00,Bio-Rad - EMEA,187138.86,48057.32,27.74,13187,3,3
2017-Mar-01 00:00:00,Brown-Forman,68914.25,9753.45,8,2662,0,0
2017-Mar-01 00:00:00,CEC,102719.23,22463.43,22,14815,0,0
2017-Mar-01 00:00:00,Clariant - EMEA,117661.45,21998.86,21.55,9220,3,3
2017-Mar-01 00:00:00,CLS,28200.13,4281.88,6.42,2446,5,5
2017-Mar-01 00:00:00,CNH,278129.1,9354.39,8,3966,0,0
2017-Mar-01 00:00:00,Coca Cola,214027.36,3869.29,42.94,18097,5,4
2017-Mar-01 00:00:00,Covance - EMEA,0,670.31,9.59,2811,4,4
2017-Mar-01 00:00:00,Covance - NA,304152.7,58063.68,33,12470,0,0
2017-Mar-01 00:00:00,Duke,12679,4133.07,1.5,242,0,0
2017-Mar-01 00:00:00,Embraer,117116.52,6864.74,8,2015,0,0
2017-Mar-01 00:00:00,Epsilon,459270.1,2857.61,22,9664,0,0
2017-Mar-01 00:00:00,Evoqua,33239.91,2630.79,9,3709,0,0
2017-Mar-01 00:00:00,Ferro,56108.22,17038.95,4,700,0,0
2017-Mar-01 00:00:00,Firmenich,101998.26,20241.35,19.54,8121,3,2
2017-Mar-01 00:00:00,Hanon,67123.23,14666.09,9,1530,0,0
2017-Mar-01 00:00:00,Honda,51773.69,11027.38,8,4375,0,0
2017-Mar-01 00:00:00,Huron,25588.94,2181.94,6,3717,0,0
2017-Mar-01 00:00:00,Infineum,132169.63,28348.18,10,2631,0,0
2016-Dec-01 00:00:00,John Deere - NA,699900.45,284684.27,43,14004,0,0
2017-Mar-01 00:00:00,Kraft/Heinz - EMEA,85943.36,43805.42,36.44,17262,6,6
2017-Jan-01 00:00:00,Kraft/Heinz - NA,208237.86,50894.26,6,1580,0,0
2017-Feb-01 00:00:00,Kraft/Heinz - NA,170234.22,23414.9,6,1683,0,0
2017-Mar-01 00:00:00,Kraft/Heinz - NA,226306.3,56775.53,6,1868,0,0
2017-Mar-01 00:00:00,Ledvance,35036.03,8551.64,5.6,3195,5,5
2017-Mar-01 00:00:00,Linde - EMEA,131164.26,9713.89,28.55,19769,6,5
2017-Mar-01 00:00:00,Louis Vuitton,214641.63,6487.31,8,4016,0,0
2017-Mar-01 00:00:00,MasterCard,28946.26,11513.91,5,136,0,0
2017-Mar-01 00:00:00,Merck-Serono,35374.11,11098.38,6.25,641,6,6
2017-Mar-01 00:00:00,NBA,39637.55,-4410.71,5,2529,0,0
2017-Mar-01 00:00:00,Novelis - EMEA,0,1741.52,6.91,1184,10,9
2017-Mar-01 00:00:00,Novelis - NA,79852.38,11789.33,0,0,0,0
2017-Mar-01 00:00:00,Orbitz,19356.57,-82.2,6.88,2852,3,3
2017-Mar-01 00:00:00,OSRAM,64930.49,5316.99,14.3,9157,2,2
2017-Mar-01 00:00:00,PMI - EMEA,396853.35,-33136.91,42.05,28738,6,6
2017-Mar-01 00:00:00,Route One,105319.64,18347.13,14,7590,0,0
2017-Mar-01 00:00:00,SAPA - EMEA,83737.68,11451.81,19.63,4815,7,7
2017-Mar-01 00:00:00,Sulzer,101170.32,27614.48,14.02,5270,6,5
2017-Mar-01 00:00:00,Swagelok,126739.94,19697.51,8,2614,0,0
2017-Mar-01 00:00:00,TRW - EMEA,105453.62,9532.96,23.48,17367,14,14
2017-Mar-01 00:00:00,TSI,31433.44,10563.01,7,2028,0,0
2017-Mar-01 00:00:00,Vallourec,27824,-2563.29,1.5,1052,0,0
2017-Mar-01 00:00:00,Visteon,55929.7,14210.2,7,6187,0,0
